<?xml version="1.0" encoding="UTF-8" standalone="yes"?>
<addon id="repository.LunarTvREPO" name="Lunar TV REPO" version="1.0" provider-name="Lunar TV">
    <extension point="xbmc.addon.repository" name="Nome Repository">
        <dir>
            <info compressed="false">https://raw.githubusercontent.com/jorgesampaio/LunarTvREPO/master/zips/addons.xml</info>
            <checksum>https://raw.githubusercontent.com/jorgesampaio/LunarTvREPO/master/zips/addons.xml.md5</checksum>
            <datadir zip="true">https://raw.githubusercontent.com/jorgesampaio/LunarTvREPO/master/zips/</datadir>
        </dir>
    </extension>
    <extension point="xbmc.addon.metadata">
        <summary>REPO do LunarTV</summary>
        <description>Addons do LunarTV</description>
        <disclaimer></disclaimer>
        <platform>all</platform>
        <assets>
            <icon>icon.png</icon>
            <fanart>fanart.jpg</fanart>
        </assets>
    </extension>
</addon>